funcion,tipo_cruza,dim,tam_pob,generaciones,repeticion,semilla,mejor_final,peor_final,promedio_final,tiempo_total_seg,diversidad
sphere,un_punto,10,100,1000,0,42,1.1869581081248208e-06,1.5433544228880454,0.33449907962591413,0.8785921379985666,0.17916160755496163
sphere,uniforme,10,100,1000,0,42,1.3698512042807557e-06,1.7911437000958657,0.35498537530448315,1.096401397999216,0.18072182451288757
sphere,blx,10,100,1000,0,42,2.2322626746370113e-10,1.5502544841280725,0.3248677024900536,1.1298847699999897,0.17433455621203586
sphere,sbx,10,100,1000,0,42,8.993568625845312e-08,1.321189031083174,0.3424757929988357,1.124767747000078,0.18156985154611593
rastrigin,un_punto,10,100,1000,0,42,6.278297294670665e-05,53.69243010907326,9.130032016403295,1.3130625289995805,0.1824274301398412
rastrigin,uniforme,10,100,1000,0,42,0.0003312447971097754,33.45682977950621,9.446029976212813,1.621441049999703,0.1853302379868174
rastrigin,blx,10,100,1000,0,42,8.574119192417129e-10,37.574549958042105,10.393746478165916,1.537379500001407,0.17717638188425128
rastrigin,sbx,10,100,1000,0,42,0.0001428593352130747,38.58848193158663,8.362076661075294,1.522492042000522,0.1672887731254938
rosenbrock,un_punto,10,100,1000,0,42,5.951502328536832,75.5787736244851,20.20542647647664,1.2844863749996875,0.10071802642816363
rosenbrock,uniforme,10,100,1000,0,42,6.189827282460336,77.36313362139123,24.906391365034874,1.5089351379992877,0.11616027639610178
rosenbrock,blx,10,100,1000,0,42,7.044300429427265,107.35705441306892,30.741166973300874,1.5073682389993337,0.13310082883235455
rosenbrock,sbx,10,100,1000,0,42,6.112296063706488,82.30223373000884,21.70902802357391,1.4940621360001387,0.1090848939493663
sphere,un_punto,10,100,1000,1,43,1.7366537762213414e-06,1.4856048724072537,0.3264588705616021,0.8706000820002373,0.1755932985010899
sphere,uniforme,10,100,1000,1,43,2.425142873185866e-06,1.9557204056329422,0.2839310490402603,1.0969678840010602,0.1650066443657514
sphere,blx,10,100,1000,1,43,1.3407489315352445e-10,1.6716398865675968,0.3494492237369182,1.1296918669995648,0.18276791436293233
sphere,sbx,10,100,1000,1,43,2.2664073778879453e-07,1.5857215538216027,0.30190051075882723,1.0975421919993096,0.17027164638009845
rastrigin,un_punto,10,100,1000,1,43,0.0003504864964298804,47.28484971812579,9.633082133868463,1.3245447170011175,0.17559307864874618
rastrigin,uniforme,10,100,1000,1,43,0.0004931217121395548,37.55083289333687,9.586575496933369,1.5410284500012494,0.1685636595935697
rastrigin,blx,10,100,1000,1,43,6.214264658410684e-10,44.25500951893001,9.78587685536113,1.5287564939990261,0.1843128608818232
rastrigin,sbx,10,100,1000,1,43,0.00026061282260059215,38.98372060912768,8.869095412745285,1.5099616010011232,0.16771213639145505
rosenbrock,un_punto,10,100,1000,1,43,6.64511169082158,65.30613528870781,21.770903450236837,1.2787986769999407,0.10865995796166214
rosenbrock,uniforme,10,100,1000,1,43,6.640754198621622,87.57316096923495,25.123842538037408,1.485231140999531,0.12238335048465925
rosenbrock,blx,10,100,1000,1,43,9.339700797176288,176.84161074391258,38.60651802161758,1.5098742980007955,0.14223936747758553
rosenbrock,sbx,10,100,1000,1,43,0.038148890467883806,158.04208329604202,26.107764044820144,1.4799876350007253,0.0685280508798919
sphere,un_punto,10,100,1000,2,44,6.425703547807928e-07,1.9540447271539978,0.2924525987315483,0.8943383709993213,0.16746666620516554
sphere,uniforme,10,100,1000,2,44,3.5029746769862888e-06,1.5183859870120895,0.24929502124216948,1.1311926259986649,0.1549138387763947
sphere,blx,10,100,1000,2,44,1.9498469990517422e-10,1.4695959446926916,0.3103451414924341,1.1330145169995376,0.16871539038537728
sphere,sbx,10,100,1000,2,44,4.296509588509517e-07,1.4068700374825327,0.3514475952682943,1.0920606660001795,0.1859958300590297
rastrigin,un_punto,10,100,1000,2,44,0.00042635782307343106,52.99912911882774,8.961815317313626,1.279201313998783,0.1768726558760781
rastrigin,uniforme,10,100,1000,2,44,0.0003658463649003352,39.854082663103256,9.968379054305217,1.5270004630001495,0.16051414832580352
rastrigin,blx,10,100,1000,2,44,1.1407337296986952e-09,41.13550327859116,8.392645723860358,1.533713020000505,0.1755117992541885
rastrigin,sbx,10,100,1000,2,44,6.333148630233154e-05,38.141981132353116,8.982785234736495,1.504932509000355,0.19196133160379755
rosenbrock,un_punto,10,100,1000,2,44,7.39514862148481,159.15864996379494,28.924258189283368,1.2796829420003633,0.10640016298677928
rosenbrock,uniforme,10,100,1000,2,44,6.643793400185572,88.23441155957934,20.847903017747296,1.4715009600004123,0.10673158691052702
rosenbrock,blx,10,100,1000,2,44,6.879757619033223,177.49026579145735,34.4889944181928,1.5040134619994205,0.14292685863322635
rosenbrock,sbx,10,100,1000,2,44,0.15552050363341025,114.49247588299383,19.947534715054488,1.5193529359985405,0.061892062710044285
sphere,un_punto,10,100,1000,3,45,9.45850235886471e-07,1.5489989635786614,0.29332009228215805,0.8856389570009924,0.1661297882308836
sphere,uniforme,10,100,1000,3,45,1.8510084193272468e-06,1.5519366431461163,0.31484584905029783,1.1073601910011348,0.17264263527400397
sphere,blx,10,100,1000,3,45,3.615800098953991e-10,1.6910622732927445,0.2551692839275559,1.131289355998888,0.15696782108441493
sphere,sbx,10,100,1000,3,45,1.0592026282479244e-07,1.8265808941560455,0.37560834216877864,1.098181523000676,0.18632133034234583
rastrigin,un_punto,10,100,1000,3,45,0.0006207860778033591,37.23795822736955,8.826218053436671,1.2995000390001223,0.1659642171979317
rastrigin,uniforme,10,100,1000,3,45,0.00020552091741876666,42.97708867279499,10.341397899962843,1.5444682240013208,0.17617806220094534
rastrigin,blx,10,100,1000,3,45,5.894946752960095e-10,38.45306740992915,8.610772183815927,1.5594410989997414,0.1593923169831338
rastrigin,sbx,10,100,1000,3,45,0.00016203395371405804,43.46013032787822,10.54455748964979,1.571506882999529,0.1820106246709916
rosenbrock,un_punto,10,100,1000,3,45,6.42182285733601,106.75687416112444,22.596731312374086,1.2711181140002736,0.10651629580023776
rosenbrock,uniforme,10,100,1000,3,45,6.358989344520907,80.78243327976237,20.331320489026808,1.4744872510000278,0.10226751113195207
rosenbrock,blx,10,100,1000,3,45,6.6127399477761895,90.41886538559096,25.815641456310047,1.5302964340007748,0.12043392582486367
rosenbrock,sbx,10,100,1000,3,45,6.090294654295878,64.08891836008017,18.443082197602173,1.5049371879995306,0.09612295639009172
sphere,un_punto,10,100,1000,4,46,3.9022986816612935e-06,1.2841862784517668,0.3031526192791143,0.8760925739989034,0.17127041856817488
sphere,uniforme,10,100,1000,4,46,1.2109743494294814e-06,1.671422589471304,0.3188004470983803,1.107344127000033,0.17387298610432178
sphere,blx,10,100,1000,4,46,1.5984700000976225e-10,1.5515780756831545,0.3384516262267118,1.143256453999129,0.17937075983562906
sphere,sbx,10,100,1000,4,46,9.225716541168471e-08,1.796877214272626,0.3534420627011173,1.1123725900015415,0.18284276254600754
rastrigin,un_punto,10,100,1000,4,46,0.00042116761757426957,36.14970491935358,9.258862982766598,1.2897648019988992,0.1723466196506759
rastrigin,uniforme,10,100,1000,4,46,0.0005592092753516908,45.73391098048454,8.856433983278432,1.515041258000565,0.17844549483748262
rastrigin,blx,10,100,1000,4,46,7.395470902338275e-10,41.3081413991912,8.487882676574959,1.5394817349988443,0.18162861187982327
rastrigin,sbx,10,100,1000,4,46,0.00010915832746150045,39.84682554011547,10.551813665783842,1.5673378209994553,0.1741242051077113
rosenbrock,un_punto,10,100,1000,4,46,6.428212883620936,66.41633396521708,19.705893854374402,1.2694415639998624,0.1049877684837679
rosenbrock,uniforme,10,100,1000,4,46,7.129645178500908,87.1944256959507,23.421641378975313,1.483643639001457,0.11848744962709494
rosenbrock,blx,10,100,1000,4,46,6.64606628144911,91.11878052246176,32.240371347457,1.5260564130003331,0.14089195524992057
rosenbrock,sbx,10,100,1000,4,46,4.961966169704825,99.19983389673939,19.939697469215176,1.486334290000741,0.09479135055886696
sphere,un_punto,10,100,1000,5,47,1.7410247850974282e-06,2.4320727060790404,0.3040195031898347,0.8802586319998227,0.17012272318737892
sphere,uniforme,10,100,1000,5,47,3.2793714928180193e-06,1.4382806346237935,0.353385336912026,1.0862491370007774,0.1839653018291958
sphere,blx,10,100,1000,5,47,9.280593099771374e-10,1.667552497516479,0.34469993155695483,1.1389943640006095,0.18277153081617314
sphere,sbx,10,100,1000,5,47,2.7507018766441093e-07,1.6806408698856719,0.3380557341957585,1.1070343089995731,0.17735297150502893
rastrigin,un_punto,10,100,1000,5,47,0.00022009492383290308,40.31401343025108,8.009682633601715,1.2771570470013103,0.17627439325771513
rastrigin,uniforme,10,100,1000,5,47,0.00040699972191760025,52.41345340208606,9.899545892306632,1.5296734450002987,0.18340025973619847
rastrigin,blx,10,100,1000,5,47,6.432117061194731e-10,49.99895309781672,9.439616514139237,1.5351927560004697,0.18498805587338868
rastrigin,sbx,10,100,1000,5,47,0.00010278440548461276,33.93611214862575,8.402429899641527,1.5109724890007783,0.15884665813966495
rosenbrock,un_punto,10,100,1000,5,47,6.38993041329409,122.27767837868947,29.15799502115114,1.315187533000426,0.10090513375414382
rosenbrock,uniforme,10,100,1000,5,47,6.6987661023572,88.03413709624893,25.415064946064845,1.514666347999082,0.11962317482375066
rosenbrock,blx,10,100,1000,5,47,7.057759367582922,79.01909936621769,25.728486784538035,1.5351662169996416,0.12337529400668674
rosenbrock,sbx,10,100,1000,5,47,6.553707544776308,73.86125892209255,22.156622695870315,1.4863627860013366,0.12137766061715607
sphere,un_punto,10,100,1000,6,48,2.2521344693156625e-06,1.6591530475240468,0.3708346281209912,0.877851606999684,0.18476341973021154
sphere,uniforme,10,100,1000,6,48,3.428211151759106e-06,1.7459258639838904,0.2799554934959281,1.0876910900005896,0.16467507752087893
sphere,blx,10,100,1000,6,48,8.295786209130768e-10,1.9726034763936318,0.2953027211643101,1.1192818909985363,0.1678489529350093
sphere,sbx,10,100,1000,6,48,4.911115423796623e-07,1.449097932856034,0.3041998613864399,1.103983833001621,0.1707811449524629
rastrigin,un_punto,10,100,1000,6,48,0.0003321228676611554,41.137522692581484,9.452104197494402,1.3067128710008546,0.187376709275494
rastrigin,uniforme,10,100,1000,6,48,0.0003215513467296205,53.353728977837214,9.45439108272481,1.5165103090002958,0.16710607488016255
rastrigin,blx,10,100,1000,6,48,9.548131174597074e-10,47.715007459488746,8.984833245194359,1.6045545130000392,0.167851853836314
rastrigin,sbx,10,100,1000,6,48,5.46106108032518e-05,46.06903958634996,12.049654462828538,1.5203910630007158,0.20101629190837947
rosenbrock,un_punto,10,100,1000,6,48,5.203814565545312,86.24685239233585,24.979337711752695,1.2719600549989991,0.11024481965057646
rosenbrock,uniforme,10,100,1000,6,48,6.549511036411288,93.71608903580825,21.07267371036222,1.5255323210003553,0.10608891667510897
rosenbrock,blx,10,100,1000,6,48,6.262329744917292,138.306661518751,31.43496959622967,1.521234331999949,0.13519980212939958
rosenbrock,sbx,10,100,1000,6,48,5.195413229298896,68.96209460472387,19.29201031524645,1.4904526469999837,0.0939004660825441
sphere,un_punto,10,100,1000,7,49,3.103396786926613e-06,1.8419800999224432,0.393286972941121,0.8776751860004879,0.19199563979735843
sphere,uniforme,10,100,1000,7,49,2.646812946512479e-06,1.7138516635420606,0.2679754841540395,1.0940644950005662,0.1608636974804633
sphere,blx,10,100,1000,7,49,2.174343667234873e-10,2.142677719633894,0.38409735735210987,1.121782293999786,0.19153524998868918
sphere,sbx,10,100,1000,7,49,2.9806998870698714e-07,1.4051810507302651,0.29259722243682296,1.1029349499985983,0.16884713653433112
rastrigin,un_punto,10,100,1000,7,49,0.000293122970262516,46.25439373148088,9.842689449907878,1.2818787659998634,0.1951023305140022
rastrigin,uniforme,10,100,1000,7,49,0.00043684748112582383,36.6656212669889,7.688284944608176,1.5056997899991984,0.16085828415302256
rastrigin,blx,10,100,1000,7,49,4.538094344752608e-10,38.79324102336572,10.256677985285217,1.5412589970001136,0.19547062261509668
rastrigin,sbx,10,100,1000,7,49,8.308567666404088e-05,39.44704543349282,9.331868828344517,1.5154709939997701,0.17585588318430093
rosenbrock,un_punto,10,100,1000,7,49,5.427702072924593,101.17998071683971,23.250709451871657,1.3011008100002073,0.1042756201961685
rosenbrock,uniforme,10,100,1000,7,49,6.2430050256313,89.76215256643793,21.805933659495427,1.4896128000000317,0.10722568863102999
rosenbrock,blx,10,100,1000,7,49,7.117728737162051,73.07192447867175,29.578634589177963,1.5587222190006287,0.13692146108949305
rosenbrock,sbx,10,100,1000,7,49,6.03515400210612,110.32513390286958,21.212819486052567,1.4883050150001509,0.10991505566861934
sphere,un_punto,10,100,1000,8,50,7.851659916011867e-07,1.5694717128278475,0.3125056880460165,0.9030824820001726,0.1734460600517989
sphere,uniforme,10,100,1000,8,50,7.109000103699857e-07,1.443373806953663,0.37373829277543463,1.0927372930000274,0.19125886474454884
sphere,blx,10,100,1000,8,50,1.744726257043304e-10,2.088892076300882,0.32629862796841896,1.1179898889986362,0.17606565703738636
sphere,sbx,10,100,1000,8,50,3.395235525192098e-08,1.9539568073303937,0.35706071094351616,1.0967592670003796,0.1841109909021937
rastrigin,un_punto,10,100,1000,8,50,0.000570920481294479,44.906654220710145,8.369227049155976,1.3051209679997555,0.17625518336230733
rastrigin,uniforme,10,100,1000,8,50,0.0003654997291420159,46.06973151101424,10.859833881943281,1.49910449699928,0.19690896893349294
rastrigin,blx,10,100,1000,8,50,6.931060170245473e-10,47.82351656737727,9.369369220418127,1.532395386000644,0.1811862974733349
rastrigin,sbx,10,100,1000,8,50,6.05383371237167e-05,45.22080621523133,12.37910304219472,1.522288173000561,0.17537009878073243
rosenbrock,un_punto,10,100,1000,8,50,6.8711074074436675,122.05750012032048,21.335558392752112,1.3367054850004934,0.10947997292833318
rosenbrock,uniforme,10,100,1000,8,50,8.921988722632056,117.88583124482088,33.562323539237156,2.3945624309999403,0.12361288665420762
rosenbrock,blx,10,100,1000,8,50,7.819806368586065,76.9990456093154,26.25585511981988,1.52448651099985,0.13142865269670392
rosenbrock,sbx,10,100,1000,8,50,6.68825212835185,70.97935906177182,20.407286226640935,1.4998286169993662,0.10550014355460227
sphere,un_punto,10,100,1000,9,51,6.669288217362421e-06,1.7675901050980658,0.36631690491415336,0.8870560449995537,0.18637655435473865
sphere,uniforme,10,100,1000,9,51,3.697922607069412e-06,1.9065888077630517,0.3572215899986941,1.119476609999765,0.18076848125969525
sphere,blx,10,100,1000,9,51,5.226711115988237e-10,1.350492714808157,0.31439005491399086,1.1376082150000002,0.17018352499709768
sphere,sbx,10,100,1000,9,51,2.253817914595601e-07,1.6126016469193836,0.2985155066017017,1.2034555370009912,0.16890593910179508
rastrigin,un_punto,10,100,1000,9,51,0.00017703817403003086,49.282229298088495,11.656196273920505,1.3001182769985462,0.1901800530483626
rastrigin,uniforme,10,100,1000,9,51,0.00021636505346123158,42.966606469633625,8.02902488106366,1.4950988660002622,0.18443710902938762
rastrigin,blx,10,100,1000,9,51,5.505285116669256e-09,38.932476102555796,9.492448656804251,1.5737400020007044,0.1703408150988331
rastrigin,sbx,10,100,1000,9,51,0.00021859192042938957,45.863177926642805,10.1273157162206,1.5425017609995848,0.17936488403285472
rosenbrock,un_punto,10,100,1000,9,51,6.525810981603794,79.97523237815864,24.161076285441045,1.2770449519994145,0.12727611457133092
rosenbrock,uniforme,10,100,1000,9,51,1.2087627455475314,141.3950823218357,23.326405158879208,1.4767175760007376,0.07835522043688045
rosenbrock,blx,10,100,1000,9,51,6.932161253838791,84.0099790798939,28.348199831724664,1.528873408000436,0.1269379224788279
rosenbrock,sbx,10,100,1000,9,51,5.503859944110004,78.64129888962543,20.166208552512515,1.4864752310004405,0.10158193115210526
sphere,un_punto,10,100,1000,10,52,1.734501098781259e-06,1.5091095438141104,0.292489540635245,0.8844701560010435,0.16672913838705852
sphere,uniforme,10,100,1000,10,52,1.7738498146385147e-06,1.8716577726344217,0.31470311692615227,1.0887680479991104,0.17503637477925066
sphere,blx,10,100,1000,10,52,2.0092355604889865e-10,1.667532444903224,0.322890783631783,1.1220779340001172,0.17429337260324915
sphere,sbx,10,100,1000,10,52,5.458297487206987e-07,1.7366415901540815,0.3949243705220907,1.096249911999621,0.1953547390870068
rastrigin,un_punto,10,100,1000,10,52,0.00026953770557724965,38.05247756329854,9.158867375368887,1.286698191999676,0.170147208362081
rastrigin,uniforme,10,100,1000,10,52,0.000638377672331103,39.45284876357025,8.941880528353058,1.5005830469999637,0.17730292322286248
rastrigin,blx,10,100,1000,10,52,3.164473127981182e-10,50.231323543352644,9.293716018352685,1.541698721001012,0.17783137301653973
rastrigin,sbx,10,100,1000,10,52,8.25247599038903e-05,34.991488926976956,8.391780980467267,1.5431281719993422,0.16121301924860987
rosenbrock,un_punto,10,100,1000,10,52,6.626412469405882,78.66382458122669,23.771551844946494,1.2725500790002116,0.11892516104507327
rosenbrock,uniforme,10,100,1000,10,52,5.708191993515642,85.04307550597552,22.925084619735944,1.487056523001229,0.10967153276146306
rosenbrock,blx,10,100,1000,10,52,6.082405719482837,114.82058369308913,31.664614645249397,1.504905340998448,0.13293743272820277
rosenbrock,sbx,10,100,1000,10,52,6.4891964500857,67.90125401665978,20.08766585537788,1.4886247499998717,0.1120011330567984
sphere,un_punto,10,100,1000,11,53,9.614968164006912e-07,1.677356889255494,0.3802364223267294,0.8806966789998114,0.19155031006370454
sphere,uniforme,10,100,1000,11,53,1.2572169531807922e-06,1.795563794830327,0.30375454568687316,1.1104821150001953,0.17208082433418773
sphere,blx,10,100,1000,11,53,5.346682125719577e-10,1.8685669345528184,0.3156181752187668,1.1260231520009256,0.17293198382962022
sphere,sbx,10,100,1000,11,53,5.04496317704508e-07,1.4556597627641898,0.31508122039736614,1.1042566349988192,0.17533765388474057
rastrigin,un_punto,10,100,1000,11,53,0.00041183037848213644,41.956594107530236,11.773309103960418,1.2919952669999475,0.19045982243591597
rastrigin,uniforme,10,100,1000,11,53,0.0010061027853254245,32.29446640655415,8.053316800713981,1.6160560449989134,0.17664275567468518
rastrigin,blx,10,100,1000,11,53,1.4567405060006422e-09,46.09649211383128,11.481357819089077,1.537467710000783,0.17654878987490114
rastrigin,sbx,10,100,1000,11,53,3.031348454385352e-05,46.01314799458323,7.8601679134630125,1.5118661840006098,0.1771928703727637
rosenbrock,un_punto,10,100,1000,11,53,9.546439402277393,71.42630352200813,27.215484676208078,1.2787774449989229,0.12240808996342264
rosenbrock,uniforme,10,100,1000,11,53,6.040506704965117,83.82953676160618,24.576749983260033,1.4993626329996914,0.11104041861549052
rosenbrock,blx,10,100,1000,11,53,7.109285212720985,94.40716497172299,25.786808608864092,1.5266168929993,0.12841316255689372
rosenbrock,sbx,10,100,1000,11,53,4.195862769507048,130.95025566746148,31.996361535253378,1.53816200700021,0.08733770103372296
sphere,un_punto,10,100,1000,12,54,2.961177258855045e-06,1.7465379895531974,0.294992265708319,0.9220302590001666,0.16877775104170906
sphere,uniforme,10,100,1000,12,54,5.229830349047636e-07,1.39106570709946,0.2998418196848037,1.0926404219990218,0.1626598049325112
sphere,blx,10,100,1000,12,54,2.3078446057743873e-10,1.4667172520738818,0.37591646923269456,1.1383290519988805,0.18710837533943925
sphere,sbx,10,100,1000,12,54,4.417153876151642e-08,1.6277340539910758,0.3757379913297805,1.10596133099898,0.19121192119216837
rastrigin,un_punto,10,100,1000,12,54,0.00018739823032376535,36.860746706184614,8.373071847787635,1.284795635001501,0.1693795729247647
rastrigin,uniforme,10,100,1000,12,54,8.824460493883635e-05,37.88775298014744,8.468186872136338,1.529773878000924,0.16889617602741502
rastrigin,blx,10,100,1000,12,54,5.279616743791848e-10,37.446196158053255,9.209676928921931,1.5447900550007034,0.18898243955169808
rastrigin,sbx,10,100,1000,12,54,3.767276000132824e-05,40.07812556800788,8.735222905248074,1.5064584800002194,0.1697787466522038
rosenbrock,un_punto,10,100,1000,12,54,6.337997272135841,93.82899528654532,23.55331975675208,1.278750626001056,0.10902864574896828
rosenbrock,uniforme,10,100,1000,12,54,6.119277243450122,74.54665757922636,20.60514741548018,1.4797395579989825,0.10130026850135232
rosenbrock,blx,10,100,1000,12,54,6.984973885090971,94.66724478411903,32.864409108831936,1.531965300999218,0.1416261552967998
rosenbrock,sbx,10,100,1000,12,54,6.297336212006748,91.71253405094687,20.93080825773188,1.5066761769994628,0.10182820590791955
sphere,un_punto,10,100,1000,13,55,2.5437393183892447e-06,1.4405188923543324,0.30506980202403144,0.9173915819992544,0.1721108591252251
sphere,uniforme,10,100,1000,13,55,8.255191503202314e-07,1.2268714684555677,0.21218390040746335,1.1060806209989096,0.14304582706850677
sphere,blx,10,100,1000,13,55,3.5110313371668094e-10,2.126716311654574,0.3131534239064391,1.122172989000319,0.1727887574939312
sphere,sbx,10,100,1000,13,55,1.1495851637707928e-07,1.513588542068259,0.30606639815583164,1.1023104249998141,0.17212566871845267
rastrigin,un_punto,10,100,1000,13,55,0.0015831943662192316,39.016947336932844,9.160916227509247,1.2911262969992094,0.17466598148751938
rastrigin,uniforme,10,100,1000,13,55,0.0003596018583920113,44.87383972934146,8.55784646321392,1.5032512100005988,0.144462081166975
rastrigin,blx,10,100,1000,13,55,1.4802594705543015e-09,39.32411165783999,7.779386943193758,1.5388617509997857,0.17699362434892368
rastrigin,sbx,10,100,1000,13,55,0.00019854173673650166,40.400898600871784,8.723044693727857,1.5313798880015383,0.17728045388387298
rosenbrock,un_punto,10,100,1000,13,55,6.589803366524642,83.01977720218984,21.042132599954098,1.271477309999682,0.10541937436858266
rosenbrock,uniforme,10,100,1000,13,55,6.46692860747506,64.09626665921196,20.53450539785773,1.4839718250004807,0.10597620669787182
rosenbrock,blx,10,100,1000,13,55,7.875055683066205,116.91209434607003,30.629686490585744,1.5904380370011495,0.14450414362303418
rosenbrock,sbx,10,100,1000,13,55,5.611418179013892,57.19399010039373,19.07621317574542,1.5117183989987097,0.09562815106767326
sphere,un_punto,10,100,1000,14,56,2.110241578594542e-06,1.643433797423344,0.26842754270756386,0.8822000910004135,0.15846238280739702
sphere,uniforme,10,100,1000,14,56,2.0286019436519383e-06,1.9453299665420847,0.35855114901643875,1.0971670729995822,0.17824336319655945
sphere,blx,10,100,1000,14,56,4.585492337035221e-10,1.649174642169094,0.3328413631842744,1.1353734900003474,0.17885948376648877
sphere,sbx,10,100,1000,14,56,2.7841540278706224e-07,1.9074928721274478,0.2622026766032233,1.1086591069997667,0.15732411080508746
rastrigin,un_punto,10,100,1000,14,56,0.00023785986834923278,40.38992664983844,9.422896063481023,1.3148489410014008,0.16067488622092074
rastrigin,uniforme,10,100,1000,14,56,0.00028120573088585843,40.770647348825314,9.93827517475796,1.493298347999371,0.18039270924982875
rastrigin,blx,10,100,1000,14,56,4.757083615913871e-10,51.67100493064392,8.716290715904917,1.5692930400000478,0.18118519250327797
rastrigin,sbx,10,100,1000,14,56,0.00023241385120797986,40.18643582574583,9.272496150797942,1.5520395539988385,0.17506916118884377
rosenbrock,un_punto,10,100,1000,14,56,7.666582456317187,92.7771287033496,25.651153645164968,1.285499849000189,0.09795793971790982
rosenbrock,uniforme,10,100,1000,14,56,6.7583457334676424,94.57275680619027,23.382970237324102,1.5087476830012747,0.10994138648090854
rosenbrock,blx,10,100,1000,14,56,9.093591057821124,308.667736676732,41.761717703842166,1.5458511589986301,0.14741222788439728
rosenbrock,sbx,10,100,1000,14,56,8.58172507239593,110.07068579412405,23.20585531411549,1.5026753649999591,0.09531300573159365
sphere,un_punto,10,100,1000,15,57,2.660644984726071e-06,1.7801025941007478,0.3802287156028122,0.8736050910010817,0.19170444307969872
sphere,uniforme,10,100,1000,15,57,1.577790604424316e-06,1.6157701514067522,0.3048487122069032,1.0989561379992665,0.1712370627925996
sphere,blx,10,100,1000,15,57,5.006945473722736e-10,1.3407657394605477,0.30899120406687464,1.1511184660012077,0.16756260999601774
sphere,sbx,10,100,1000,15,57,4.873524684341991e-07,1.311939874095648,0.2707747827156802,1.1129346760008048,0.15945831603249566
rastrigin,un_punto,10,100,1000,15,57,0.00030044145596264116,42.00683863250534,10.364518351322813,1.283184595999046,0.19333988450723433
rastrigin,uniforme,10,100,1000,15,57,0.00024231514797179443,51.331138378409364,10.084592904562646,1.4988370039991423,0.17490605621240743
rastrigin,blx,10,100,1000,15,57,8.190426115106675e-10,41.76898578210904,8.757928482962534,1.5436952159998327,0.1688290404759103
rastrigin,sbx,10,100,1000,15,57,4.448477965013353e-05,50.58594108663854,9.98189740024908,1.513020387999859,0.17629945554843404
rosenbrock,un_punto,10,100,1000,15,57,6.0056206919705,89.08385152510101,24.411384028013703,1.2860853319998569,0.11464834920157581
rosenbrock,uniforme,10,100,1000,15,57,6.295811194734853,91.12040328764904,24.890321890784612,1.4924450910002633,0.11644332940052353
rosenbrock,blx,10,100,1000,15,57,6.95445902256608,121.74476441594335,33.13202386083317,1.554135573000167,0.1460309452120115
rosenbrock,sbx,10,100,1000,15,57,0.0019883210929468025,110.1579600611622,27.122452087201893,1.5084219399996073,0.07574203259193499
sphere,un_punto,10,100,1000,16,58,5.37032881503013e-07,1.5421781687117089,0.3346604905216665,0.8782092670007842,0.17619472095997132
sphere,uniforme,10,100,1000,16,58,6.180528558152197e-07,1.6261936179851417,0.2535532372708207,1.0975877990003937,0.1532486711696856
sphere,blx,10,100,1000,16,58,2.0371064201918383e-10,1.7465906705836995,0.3624555983546172,1.1538425010003266,0.18583925741004767
sphere,sbx,10,100,1000,16,58,8.916148190051637e-08,2.76514502228477,0.40825741613568295,1.1032101960008731,0.19340671243375193
rastrigin,un_punto,10,100,1000,16,58,0.00016203412128845684,46.67193259125926,11.592335019216033,1.312608697999167,0.1791580895744687
rastrigin,uniforme,10,100,1000,16,58,0.000555017497546828,48.826478765872004,8.10903352700986,1.504913442000543,0.15605662042243806
rastrigin,blx,10,100,1000,16,58,1.414377948094625e-09,42.04420199894287,10.90541792226516,1.5581849260015588,0.1876395686969903
rastrigin,sbx,10,100,1000,16,58,2.904575336515336e-05,38.08772834270454,8.961408307410556,1.5225592289989436,0.18062350184264886
rosenbrock,un_punto,10,100,1000,16,58,6.458331522098275,67.69525676661122,23.984594159126864,1.32903393199922,0.11223446288891173
rosenbrock,uniforme,10,100,1000,16,58,6.624035895026361,64.36680186648444,19.238180904358117,1.4987406929994904,0.10041054457109666
rosenbrock,blx,10,100,1000,16,58,5.645029758503307,131.84003064497963,28.662452821037327,1.5047349270007544,0.11493585879479692
rosenbrock,sbx,10,100,1000,16,58,6.389491995179535,60.89061436678356,18.159952795165804,1.4888365789993259,0.09585672338044172
sphere,un_punto,10,100,1000,17,59,3.009270018565991e-06,1.6867086999256424,0.4244360105805785,0.8985448670009646,0.1982203155845615
sphere,uniforme,10,100,1000,17,59,1.3246584235901328e-06,2.0654341223940773,0.40867673479989797,1.1058761940003023,0.197663283357711
sphere,blx,10,100,1000,17,59,4.0951888465953033e-10,1.772291971891979,0.25021910291288096,1.1186789469993528,0.15235220223349297
sphere,sbx,10,100,1000,17,59,1.1047583474385346e-07,2.2929320287135337,0.4184811378570068,1.1105479760008166,0.19812709630879582
rastrigin,un_punto,10,100,1000,17,59,0.0005477167362641921,46.985310264674574,11.698929746511176,1.2766766759996244,0.20054947624438407
rastrigin,uniforme,10,100,1000,17,59,2.045234259639983e-05,40.756573695730864,11.64810861377793,1.5002929239999503,0.20039485801045873
rastrigin,blx,10,100,1000,17,59,9.222702601618948e-10,44.7286236466555,8.566674419657575,1.530382199000087,0.15461228467908722
rastrigin,sbx,10,100,1000,17,59,4.848616907793257e-05,51.53581868729732,10.980272892919675,1.5159275490004802,0.1972220156414667
rosenbrock,un_punto,10,100,1000,17,59,6.795403419044708,70.33573284913066,25.819345188229576,1.2667606899995008,0.12603610845860105
rosenbrock,uniforme,10,100,1000,17,59,8.871999325010997,94.87166597300273,32.03043629032066,1.5152921290009544,0.12391331527308229
rosenbrock,blx,10,100,1000,17,59,7.656219648651477,81.61520150440438,29.06074312984398,1.5735901910011307,0.13684072164099978
rosenbrock,sbx,10,100,1000,17,59,0.05068658009237943,144.21259726568704,20.500114361781666,1.494008916999519,0.06795518796749131
sphere,un_punto,10,100,1000,18,60,9.393519060881161e-07,2.0749721582681375,0.3046864594417252,0.9095831399990857,0.16940186806447546
sphere,uniforme,10,100,1000,18,60,4.4339035344428605e-06,1.876149171890829,0.3975345303551855,1.0921839370003,0.1917127522513869
sphere,blx,10,100,1000,18,60,3.550267975292541e-10,1.6744500011798142,0.33559074745164785,1.125883608001459,0.17944967830838832
sphere,sbx,10,100,1000,18,60,2.8046448568385907e-07,1.7220323846927899,0.3315298138945812,1.1043582539987256,0.17465240432401424
rastrigin,un_punto,10,100,1000,18,60,0.00014941471113161242,36.30976500151745,8.437319254315593,1.2768818709992047,0.1740297062353383
rastrigin,uniforme,10,100,1000,18,60,0.0003284467921389478,51.85247784833269,11.284872907438457,1.4999327510013245,0.1917119175171689
rastrigin,blx,10,100,1000,18,60,7.250804401337518e-10,34.577511171758644,7.418255132111901,1.5618352020010207,0.17945204673888138
rastrigin,sbx,10,100,1000,18,60,0.0003065058067051041,48.57043597462281,9.472142456492207,1.522706386000209,0.18829217237891122
rosenbrock,un_punto,10,100,1000,18,60,6.909203659566549,110.9200702686347,23.32067544166453,1.2993811679989449,0.11774304197550205
rosenbrock,uniforme,10,100,1000,18,60,6.254822416364733,90.10332889350344,24.302056007089348,1.4803694599995652,0.10897987189364589
rosenbrock,blx,10,100,1000,18,60,6.898718217195487,97.52731754149812,31.42672187131547,1.521340840999983,0.13962985699900854
rosenbrock,sbx,10,100,1000,18,60,9.571339791475982,93.23429500600135,27.685230523117912,1.56398437200005,0.12044478449832527
sphere,un_punto,10,100,1000,19,61,4.973852721248607e-06,1.0870166491161368,0.2547777367546607,0.8807863550009642,0.15333419853487001
sphere,uniforme,10,100,1000,19,61,2.0567787274442073e-06,1.5670125924363052,0.3298266366217316,1.0840168559989252,0.17580834584945146
sphere,blx,10,100,1000,19,61,3.5279877474422473e-10,1.8057265682359913,0.38310562649635954,1.125098866999906,0.1905247035908783
sphere,sbx,10,100,1000,19,61,6.20099842878825e-08,1.749078380398578,0.31822654396799355,1.0947851910004829,0.17307476886117967
rastrigin,un_punto,10,100,1000,19,61,0.00012867428382890012,39.806289154150555,9.315705634980883,1.2904265519991895,0.15592143079853965
rastrigin,uniforme,10,100,1000,19,61,0.0007207634215120606,39.740185974553086,9.067802833308884,1.4875833400001284,0.17942102463906168
rastrigin,blx,10,100,1000,19,61,6.640163974225288e-10,47.125382927072,11.124374238229995,1.611461717999191,0.19263111337462221
rastrigin,sbx,10,100,1000,19,61,6.092090913512038e-05,43.81478202217375,9.059148971432597,1.5425193610008137,0.16557481852264103
rosenbrock,un_punto,10,100,1000,19,61,4.44910568306675,83.29779518676733,20.400432287897797,1.2603761099999247,0.09555844560296586
rosenbrock,uniforme,10,100,1000,19,61,9.313308337600548,71.288712861822,28.905459641406072,1.4754482730004383,0.11832714289545498
rosenbrock,blx,10,100,1000,19,61,7.315544886125046,91.42916479034713,31.692796856564538,1.5115915669994138,0.1481270282906806
rosenbrock,sbx,10,100,1000,19,61,6.327880598203246,62.38943493625273,20.547696251966126,1.5004393819999677,0.10635262180613556
sphere,un_punto,10,100,1000,20,62,1.0402326234371845e-06,1.7788197322052264,0.34503399479046976,0.8754716809999081,0.18109411318689972
sphere,uniforme,10,100,1000,20,62,1.1998408618679104e-06,1.6613794742791135,0.30776571352363546,1.0994406299996626,0.17286872201428913
sphere,blx,10,100,1000,20,62,2.6960546581142993e-10,1.4648102905443234,0.4127650793489666,1.132061946000249,0.19957352720201524
sphere,sbx,10,100,1000,20,62,1.0899511875789777e-06,1.529333721862609,0.30737160741113106,1.1097826499990333,0.172132183656984
rastrigin,un_punto,10,100,1000,20,62,0.000729361359219638,40.301501432414405,10.494602579057267,1.3183858649990725,0.1858793891093768
rastrigin,uniforme,10,100,1000,20,62,0.00043309174608907597,41.119354342041085,9.022607572888978,1.5105547660004959,0.17585453948284116
rastrigin,blx,10,100,1000,20,62,9.645333420849056e-10,57.348477075371505,11.642362856736424,1.5796696329998667,0.2037395823914813
rastrigin,sbx,10,100,1000,20,62,0.0002775810288824232,39.719086596923894,10.095219885744747,1.5268820119999873,0.17279852952818703
rosenbrock,un_punto,10,100,1000,20,62,6.677692233899393,79.17568676176279,23.932150349423193,1.2696725299992977,0.11803002460587322
rosenbrock,uniforme,10,100,1000,20,62,1.2180257126345557,143.83411345855706,21.123488820334615,1.4859885740006575,0.07640550619961964
rosenbrock,blx,10,100,1000,20,62,7.4255452067342125,104.71866447642086,33.512200619824746,1.5409700620002695,0.14828497652205272
rosenbrock,sbx,10,100,1000,20,62,5.871891745861122,85.55870734234544,20.116076446564996,1.4970272660011688,0.10254000079672021
sphere,un_punto,10,100,1000,21,63,1.4721617279773862e-07,1.8835996258042245,0.3337707829715963,0.895176330999675,0.17758669774918093
sphere,uniforme,10,100,1000,21,63,4.4451714340395835e-07,1.8072353703287225,0.32809628536811325,1.09531815399896,0.17782236809606347
sphere,blx,10,100,1000,21,63,7.336775123188715e-11,1.4653076913435206,0.3304204368438311,1.1488081009993039,0.17541161736830707
sphere,sbx,10,100,1000,21,63,2.1463244729588432e-07,1.4346100009033123,0.3023729476639275,1.1186878880016593,0.17092414347182422
rastrigin,un_punto,10,100,1000,21,63,0.00011795793399471677,58.576091263543574,12.054373496759736,1.2802475429998594,0.17758669648949263
rastrigin,uniforme,10,100,1000,21,63,0.00041885313714828953,39.370271556661464,10.66044375007486,1.5096565320000082,0.1826851580192457
rastrigin,blx,10,100,1000,21,63,5.196199026613613e-10,39.73443719510913,8.840391809776417,1.5715287430011813,0.17620437543541276
rastrigin,sbx,10,100,1000,21,63,0.0003571592250040112,47.304083613052015,9.65789956199027,1.5239346220005245,0.1939765804466506
rosenbrock,un_punto,10,100,1000,21,63,5.140439113564029,84.80939381417171,20.438511175780967,1.283560624000529,0.09530704499990154
rosenbrock,uniforme,10,100,1000,21,63,4.995760321613589,92.17023157748343,24.534803083471015,1.483333470998332,0.10802679738593939
rosenbrock,blx,10,100,1000,21,63,6.184034946795832,96.46905081693602,31.219266983309467,1.5452989210007217,0.13295044852893462
rosenbrock,sbx,10,100,1000,21,63,6.370027942737445,63.71606851495509,18.647016299589602,1.4900111070001003,0.10117388698374119
sphere,un_punto,10,100,1000,22,64,3.4137701252448414e-06,1.8125742625244339,0.2804839201301527,0.8891790939997009,0.1634041757137068
sphere,uniforme,10,100,1000,22,64,1.8791555565426555e-06,1.919303775261189,0.30890624688664314,1.1088677939987974,0.172864375568739
sphere,blx,10,100,1000,22,64,3.3046951991137605e-10,1.4532087854358988,0.2806122676618057,1.1270855849998043,0.16361515433498633
sphere,sbx,10,100,1000,22,64,1.9250795699611383e-07,1.7792367817816783,0.41033353558216545,1.1008954329990956,0.19592254718270602
rastrigin,un_punto,10,100,1000,22,64,0.00037947582528374824,41.26808980923422,8.871605316191927,1.2934760509997432,0.16575394756707146
rastrigin,uniforme,10,100,1000,22,64,0.0005145922292939531,44.59969596412072,8.251148001224346,1.4995578409998416,0.17632767103924435
rastrigin,blx,10,100,1000,22,64,7.1615460228713346e-09,34.987819929110316,9.273887212435014,1.5623602030009351,0.16773052235881153
rastrigin,sbx,10,100,1000,22,64,9.631847292723705e-05,39.103560996368564,7.744021745642157,1.528286038999795,0.15600926175193747
rosenbrock,un_punto,10,100,1000,22,64,5.439650761153419,81.6908133231408,22.544056511571025,1.2708309250010643,0.10521906277830921
rosenbrock,uniforme,10,100,1000,22,64,6.335798941147441,145.86893230374335,25.94183974498712,1.4979596529992705,0.11521281227140814
rosenbrock,blx,10,100,1000,22,64,7.162308304913329,99.78719221174681,28.50451542294695,1.5092786889999843,0.13016261444506594
rosenbrock,sbx,10,100,1000,22,64,0.06581134137933911,101.81729590867526,19.870965997657304,1.4854677650000667,0.06638215203712862
sphere,un_punto,10,100,1000,23,65,3.1361199550607712e-06,1.6482979357320957,0.3100676980500582,0.8804833120011608,0.17262358031828656
sphere,uniforme,10,100,1000,23,65,6.371600065672247e-07,1.7592829151568055,0.36732840009617584,1.0988545879990852,0.18765592418681315
sphere,blx,10,100,1000,23,65,2.7708977363726446e-10,1.5030171561279713,0.27720181610381056,1.1283817769999587,0.16015910902630748
sphere,sbx,10,100,1000,23,65,4.257541010791066e-07,1.5267276236201495,0.3095354016269243,1.1579595300008805,0.17346585415476062
rastrigin,un_punto,10,100,1000,23,65,0.0005016085409863535,54.5475119200655,7.739095477230636,1.2831019740006013,0.1726229258311485
rastrigin,uniforme,10,100,1000,23,65,0.00030287012481267084,46.533421448580015,10.909461264337585,1.5021257799999148,0.19041277176836643
rastrigin,blx,10,100,1000,23,65,2.3443647023668746e-10,38.726201184202765,8.943142889716842,1.5284060979993228,0.1613299000059396
rastrigin,sbx,10,100,1000,23,65,7.607960614564035e-05,34.86865262394983,7.488619178548487,1.5043728680011554,0.1453572591191416
rosenbrock,un_punto,10,100,1000,23,65,6.617145616778459,81.0865445104087,26.130498788315826,1.2717334200006007,0.12034548089239658
rosenbrock,uniforme,10,100,1000,23,65,5.193025606587213,80.76344148820134,21.667238660564976,1.4747716470010346,0.1032503448740669
rosenbrock,blx,10,100,1000,23,65,6.738411884660183,123.05398166564999,25.51802778564461,1.5132439519984473,0.11816234316219391
rosenbrock,sbx,10,100,1000,23,65,6.26601577178322,73.63690900598698,19.992199630179485,1.517820330000177,0.1085075474764751
sphere,un_punto,10,100,1000,24,66,4.00923835904827e-06,1.5286969937314854,0.36007278327668096,0.8909293270007765,0.1857990994374119
sphere,uniforme,10,100,1000,24,66,1.6863120323218082e-06,1.1908422929584535,0.269782165992524,1.1114271429996734,0.1594767615566257
sphere,blx,10,100,1000,24,66,2.0300155872449405e-10,1.1161939449861766,0.2973005519450036,1.129515516999163,0.16773122829857195
sphere,sbx,10,100,1000,24,66,1.6397858033137575e-07,1.6931178823729962,0.34849347782863904,1.1312519219991373,0.18356605472049242
rastrigin,un_punto,10,100,1000,24,66,0.0006482562846485962,49.70414733052657,9.545613152444147,1.2859642269995675,0.1881659882659574
rastrigin,uniforme,10,100,1000,24,66,0.00020835345623027024,34.250136525648216,7.988345104583946,1.49712071400063,0.16048603482376372
rastrigin,blx,10,100,1000,24,66,3.283133764853119e-10,41.642374912205106,9.315364879994009,1.5271446170008858,0.16771798797343623
rastrigin,sbx,10,100,1000,24,66,0.00020225014615959935,54.508486518176504,10.63569236005008,1.5078905849986768,0.1799254614185445
rosenbrock,un_punto,10,100,1000,24,66,3.0363325032524804,124.107204560858,21.794836175476732,1.268611494999277,0.08754751033108457
rosenbrock,uniforme,10,100,1000,24,66,4.361841581134336,82.88238255700591,19.49839488261418,1.4882508169994253,0.09459382414480268
rosenbrock,blx,10,100,1000,24,66,6.94997029161768,67.92532202387042,24.939860634778928,1.5101640020002378,0.12171654711372097
rosenbrock,sbx,10,100,1000,24,66,0.5784366157212921,111.50259917895202,16.19316143728573,1.5358114139999088,0.06479515302334476
sphere,un_punto,10,100,1000,25,67,2.0175826123187893e-06,1.7411984079795255,0.33071375577877143,0.9180764499997167,0.1729696448457528
sphere,uniforme,10,100,1000,25,67,1.8663319549183136e-06,1.7327061785304358,0.3478888293547677,1.1021160559994314,0.18235297504480377
sphere,blx,10,100,1000,25,67,8.914207468950416e-10,1.3187498278151466,0.2321323587405006,1.1204488759995002,0.14941852360892555
sphere,sbx,10,100,1000,25,67,2.246769934755439e-09,1.5218038438403017,0.3603874183372436,1.0996829110008548,0.18596235819041568
rastrigin,un_punto,10,100,1000,25,67,0.0004496728730742916,40.58887847015069,9.059217560761942,1.2920467409985577,0.17486150092920102
rastrigin,uniforme,10,100,1000,25,67,0.0004467826665290886,44.050773308595595,8.5168864334333,1.5016279490009765,0.18571411149640948
rastrigin,blx,10,100,1000,25,67,5.3408939493237995e-09,39.91329678399994,7.61701185226045,1.578139261000615,0.15191192909871262
rastrigin,sbx,10,100,1000,25,67,4.106321355834552e-06,40.284808882037396,8.378708722431998,1.5118661840006098,0.17513917291262193
rosenbrock,un_punto,10,100,1000,25,67,5.998442268018836,85.6869903199318,22.212402772337473,1.2723987310000666,0.1045469101244122
rosenbrock,uniforme,10,100,1000,25,67,9.499457003753133,59.985186525284675,26.48248456023387,1.4793501189997187,0.11664097076862157
rosenbrock,blx,10,100,1000,25,67,6.411023108651447,81.92150955301683,27.188973363663298,1.5318610970007285,0.12171256405684545
rosenbrock,sbx,10,100,1000,25,67,6.321517739135929,94.9527493264729,19.868112870000324,1.4928883770007815,0.10832021489713906
sphere,un_punto,10,100,1000,26,68,6.803485415652525e-07,1.6487743176007463,0.38315651694449476,0.8704189119998773,0.19101656457876764
sphere,uniforme,10,100,1000,26,68,7.388203847869752e-07,1.6868934592826461,0.34362477889682624,1.1125875640009326,0.18095658087455915
sphere,blx,10,100,1000,26,68,2.8654050043224254e-10,1.858404212541653,0.3184436045768276,1.1259121040002356,0.17459418821406808
sphere,sbx,10,100,1000,26,68,1.8272936951504935e-07,2.0599942129453446,0.364126413158584,1.1135717020006268,0.18876812962424988
rastrigin,un_punto,10,100,1000,26,68,0.000263628161349061,41.57317527760411,7.822522171753628,1.2853166540007805,0.19296910011871304
rastrigin,uniforme,10,100,1000,26,68,0.00037969737837784123,63.044043309860704,11.244776371374975,1.5136315729996568,0.1813179264508262
rastrigin,blx,10,100,1000,26,68,4.424407507030992e-10,39.75125348297863,8.597183420022782,1.5425560980002047,0.17625188354261717
rastrigin,sbx,10,100,1000,26,68,4.482176939291094e-05,40.47018776072434,10.329776960077337,1.5707822049989772,0.17678003144084564
rosenbrock,un_punto,10,100,1000,26,68,6.408376104170775,116.44056670644274,26.664389059426036,1.2781499169996096,0.11640189591798336
rosenbrock,uniforme,10,100,1000,26,68,6.124397060512357,77.93593937697601,20.35140930067058,1.4800784290000593,0.10494355951659673
rosenbrock,blx,10,100,1000,26,68,7.227529205438937,86.11084167911332,29.826293438780812,1.5100270429993543,0.13914328405266557
rosenbrock,sbx,10,100,1000,26,68,6.202299505680953,82.85322285748457,20.24005245304757,1.48921260699899,0.0993763026339546
sphere,un_punto,10,100,1000,27,69,2.260331340572779e-06,1.404817931300242,0.3172026827715855,0.8771151259988983,0.17480895384000258
sphere,uniforme,10,100,1000,27,69,1.055835935576924e-06,1.4692790867522074,0.31429994027882385,1.0908447219990194,0.1701782885204122
sphere,blx,10,100,1000,27,69,3.3140752483527115e-10,1.7816631455493857,0.3519758609788316,1.1335300880000432,0.184758182587953
sphere,sbx,10,100,1000,27,69,5.541005913516591e-07,1.5919446038380947,0.32214269123895717,1.0989465689999633,0.1758586920154766
rastrigin,un_punto,10,100,1000,27,69,0.0011045524519914807,43.14692490379191,9.798083548529506,1.2800689579999016,0.1759324942559551
rastrigin,uniforme,10,100,1000,27,69,0.00041886628719112196,38.686052507072645,8.903320368425693,1.4962703220007825,0.17200862652869459
rastrigin,blx,10,100,1000,27,69,2.5053736862901133e-09,42.78502858829526,9.587350973476564,1.536066894999749,0.1880691360886181
rastrigin,sbx,10,100,1000,27,69,0.00012081517461126623,40.02869509634562,12.336894589164212,1.5048221590004687,0.1918706557935894
rosenbrock,un_punto,10,100,1000,27,69,5.6650417122704395,78.41866398865481,23.32800649420956,1.290526986000259,0.1093707487533567
rosenbrock,uniforme,10,100,1000,27,69,8.933964790074668,95.11700706979228,27.77200229365264,1.4745135810007923,0.11187963972128508
rosenbrock,blx,10,100,1000,27,69,6.702104794858119,151.19112864745176,35.15456325422113,1.5081811960008054,0.14554230130775153
rosenbrock,sbx,10,100,1000,27,69,0.04633730233015691,140.9149058301335,22.68243534662008,1.4893548050004028,0.06655583262520784
sphere,un_punto,10,100,1000,28,70,2.5708338493128477e-06,1.5633994106305267,0.38439232131793966,0.8704891739998857,0.1930030353672563
sphere,uniforme,10,100,1000,28,70,1.9651814448005273e-06,2.279129917921318,0.3914856028233158,1.0831865790005395,0.19184484861576384
sphere,blx,10,100,1000,28,70,1.1212838039852673e-09,1.7596605659150375,0.30617451983317556,1.1158829040014098,0.16932040925589223
sphere,sbx,10,100,1000,28,70,1.7646977966480465e-07,1.692639547036528,0.38370417065807966,1.0947564159996546,0.19011453349958368
rastrigin,un_punto,10,100,1000,28,70,0.0002152204134091562,33.04575945973157,7.8150400054522855,1.282226716999503,0.19574362618690372
rastrigin,uniforme,10,100,1000,28,70,0.0005267114493250347,46.35459392303933,10.005647841260986,1.4982181369996397,0.19322608244535863
rastrigin,blx,10,100,1000,28,70,1.3029506362727261e-09,44.30286002229272,8.546740965957614,1.535142540000379,0.1712360017502873
rastrigin,sbx,10,100,1000,28,70,9.653223222017004e-05,53.43218564884596,11.670132240845799,1.5093604739995499,0.21131013505825208
rosenbrock,un_punto,10,100,1000,28,70,6.499206701504038,139.15554167650595,27.429068842897564,1.260050228000182,0.1265188267830448
rosenbrock,uniforme,10,100,1000,28,70,6.589377425206091,83.1870195162273,24.763669861981594,1.4857525790012005,0.11729711363323081
rosenbrock,blx,10,100,1000,28,70,7.136627595324198,94.7566288778747,25.46394536475541,1.588318899001024,0.12094771655234593
rosenbrock,sbx,10,100,1000,28,70,6.343632720790483,77.49687821368758,21.44777197746771,1.5567526820013882,0.10960418660193771
sphere,un_punto,10,100,1000,29,71,2.2323875006291028e-06,1.4515737660790873,0.3896202306998453,0.8711271769989253,0.19150874916599925
sphere,uniforme,10,100,1000,29,71,2.244459242006342e-06,1.676384649087076,0.37750520345209876,1.0990071230007743,0.18595829481654538
sphere,blx,10,100,1000,29,71,3.714253119415105e-10,2.134713496948983,0.31878043710477905,1.1360226000015246,0.1714466131124716
sphere,sbx,10,100,1000,29,71,5.2455967778082946e-08,1.5495772951195774,0.23333748148794076,1.114256501001364,0.14375273043448042
rastrigin,un_punto,10,100,1000,29,71,0.00016884210231182806,44.73757403656368,11.76754658703207,1.28413695800009,0.1912257629760012
rastrigin,uniforme,10,100,1000,29,71,0.0005088281683924833,54.18166599418967,11.936204398373606,1.5110026610000205,0.185473892014781
rastrigin,blx,10,100,1000,29,71,3.446558594077942e-10,36.41175779524547,9.75978549405314,1.5210919250002917,0.1767027420408301
rastrigin,sbx,10,100,1000,29,71,6.592806968797049e-06,44.07220151484513,8.706754383894031,1.4909065480005665,0.18818256545705353
rosenbrock,un_punto,10,100,1000,29,71,6.614965178048049,80.2723398815125,21.416190219142692,1.272087585999543,0.109277023980822
rosenbrock,uniforme,10,100,1000,29,71,6.8584848234777045,92.21257445641771,24.34055004032799,1.476923958000043,0.11604986971805431
rosenbrock,blx,10,100,1000,29,71,7.564731797631758,92.70429223973083,28.919097455282746,1.4985049070000969,0.1392594074024242
rosenbrock,sbx,10,100,1000,29,71,6.362979128063237,49.95854233318584,18.65547764758797,1.479753735000486,0.10647633514043839
